month,month name,total_sale
1,January,1822256.73
2,February,2202022.42
3,March,2807100.38
4,April,3390670.24
5,May,3152606.75
6,June,2577802.2600000002
7,July,2647775.7600000002
8,August,2244467.88
9,September,2097560.13
10,October,3736726.88
11,November,3199603.2
12,December,4613443.34
